global_step,predictor_x_gap_mse
1,2.6773123903431257e-11
2,1.2414549135583143e-06
3,6.224683669898717e-07
4,4.1687345558570077e-07
5,3.1464167572697715e-07
6,2.537735395091317e-07
7,2.1355296960905353e-07
8,1.8517779827981127e-07
9,1.6411880868926965e-07
10,1.4797984095872894e-07
11,1.3530226452307478e-07
12,1.2511080212561365e-07
13,1.1682500072753235e-07
14,1.0988986437650345e-07
15,1.0413423187104096e-07
16,9.923652338691968e-08
17,9.508950817254325e-08
18,9.158037980536545e-08
19,8.845397673774383e-08
20,8.578242899811701e-08
21,8.345290996539466e-08
22,8.142777968649417e-08
23,7.964093279004631e-08
24,7.806312583415044e-08
25,7.668128619995865e-08
26,7.547326489194456e-08
27,7.439497579322566e-08
28,7.340920276961806e-08
29,7.257494685985653e-08
30,7.18233623088259e-08
31,7.113494382229123e-08
32,7.053746082542322e-08
33,7.000187632546344e-08
34,6.958267454399787e-08
35,6.910167110050854e-08
36,6.870620860886823e-08
37,6.835960995968904e-08
38,6.805615121390268e-08
39,6.778816309700178e-08
40,6.753324593854806e-08
41,6.731019391259457e-08
42,6.713670108008408e-08
43,6.694532495973466e-08
44,6.677803560654068e-08
45,6.671402829433992e-08
46,6.6519951399789e-08
47,6.63983151609302e-08
48,6.630437908103839e-08
49,6.62080396676805e-08
50,6.612696633076381e-08
51,6.604271325313395e-08
52,6.59855613549953e-08
53,6.590637024259438e-08
54,6.585395927030821e-08
55,6.579102194719203e-08
56,6.574598771679058e-08
57,6.571209694138239e-08
58,6.567141259430893e-08
59,6.563886648431389e-08
60,6.559718667426991e-08
61,6.558180634908255e-08
62,6.554995930751978e-08
63,6.554339885105874e-08
64,6.551451640464243e-08
65,6.548862157821119e-08
66,6.547284233877529e-08
67,6.546190202684266e-08
68,6.545168147470045e-08
69,6.544274217989188e-08
70,6.54317648787672e-08
71,6.541537851240984e-08
72,6.541513703340754e-08
73,6.540056840406297e-08
74,6.539335864388084e-08
75,6.541405704312003e-08
76,6.539775078318385e-08
77,6.538720863766787e-08
78,6.539284694240825e-08
79,6.537021552378889e-08
80,6.536718506351327e-08
81,6.536724680393735e-08
82,6.536970534152342e-08
83,6.53758244817137e-08
84,6.537884196487253e-08
85,6.537680776603598e-08
86,6.537439218053588e-08
87,6.536474239341875e-08
88,6.535635672252261e-08
89,6.535890862434038e-08
90,6.535342477970254e-08
91,6.540370518882474e-08
92,6.538380585379523e-08
93,6.535899099821701e-08
94,6.53562640206724e-08
95,6.541483258315899e-08
96,6.539025693865863e-08
97,6.536325430150165e-08
98,6.535603899344156e-08
99,6.538031011191777e-08
100,6.536700176212406e-08
101,6.535898893802804e-08
102,6.536036556623877e-08
103,6.538947629181079e-08
104,6.53776719022619e-08
105,6.535257645562617e-08
106,6.540768283517254e-08
107,6.53724183691738e-08
108,6.534861559627552e-08
109,6.54266162378756e-08
110,6.542367615029323e-08
111,6.534035693747346e-08
112,6.53708579838995e-08
113,6.537665961179875e-08
114,6.536662781649036e-08
115,6.5353899874977e-08
116,6.536578951803538e-08
117,6.534385446642268e-08
118,6.534564375303348e-08
119,6.532976763860718e-08
120,6.53238903179211e-08
121,6.533324231211119e-08
122,6.535732551203816e-08
123,6.535964436140579e-08
124,6.536457963812701e-08
125,6.536802906219512e-08
126,6.535231901347005e-08
127,6.536200217404748e-08
128,6.535641238991684e-08
129,6.535226654814419e-08
130,6.535283867868373e-08
131,6.536248288517777e-08
132,6.537394093248009e-08
133,6.535373020885208e-08
134,6.534594852405695e-08
135,6.533930113307637e-08
136,6.535143765488895e-08
137,6.536343372200932e-08
138,6.535119166244966e-08
139,6.53301428160465e-08
140,6.540608706298757e-08
141,6.532934356097014e-08
142,6.53305445336287e-08
143,6.534998640160298e-08
144,6.535578842941643e-08
145,6.534924395825351e-08
146,6.535839102913796e-08
147,6.534950870077049e-08
148,6.535437464484257e-08
149,6.534240701233726e-08
150,6.534056948688923e-08
151,6.53445898582139e-08
152,6.536509657504088e-08
153,6.5346022443063e-08
154,6.534618404325079e-08
155,6.534221768236141e-08
156,6.532989302169062e-08
157,6.533624955969869e-08
158,6.534989610838908e-08
159,6.535483841311519e-08
160,6.534302200420192e-08
161,6.534733679469171e-08
162,6.534152858741432e-08
163,6.533903429949308e-08
164,6.534179764582057e-08
165,6.534000416909488e-08
166,6.533759221461807e-08
167,6.534820462371219e-08
168,6.53410027649205e-08
169,6.53455291234915e-08
170,6.534957547653479e-08
171,6.534320508116224e-08
172,6.53660210152178e-08
173,6.539696256533433e-08
174,6.53488758469558e-08
175,6.537667361597694e-08
176,6.538483780502507e-08
177,6.536612268087814e-08
178,6.534981730415616e-08
179,6.535004566931804e-08
180,6.534958450853214e-08
181,6.53563995509189e-08
182,6.534525053350869e-08
183,6.534818253548488e-08
184,6.536558187601411e-08
185,6.535968639766056e-08
186,6.533891965704297e-08
187,6.533756131663162e-08
188,6.534744736845669e-08
189,6.533907518116875e-08
190,6.536137623234445e-08
191,6.534991996333274e-08
192,6.537982321487091e-08
193,6.536912259545878e-08
194,6.534273209658195e-08
195,6.534753348717605e-08
196,6.537172844555864e-08
197,6.536030371824415e-08
198,6.53606710506025e-08
199,6.535601998453565e-08
200,6.533985960502538e-08
201,6.535816283721913e-08
202,6.535901686830424e-08
203,6.533730495202949e-08
204,6.53589651390853e-08
205,6.534800451799368e-08
206,6.533310027630867e-08
207,6.532682817460466e-08
208,6.532727504454e-08
209,6.534798606724058e-08
210,6.534222298000127e-08
211,6.534088551228977e-08
212,6.533658014354985e-08
213,6.537364480670139e-08
214,6.536032506716951e-08
215,6.535215843404666e-08
216,6.535425082092645e-08
217,6.536725940185892e-08
218,6.53582939110504e-08
219,6.535349167970529e-08
220,6.535507847877784e-08
221,6.535049081275771e-08
222,6.535144256606984e-08
223,6.533770636458436e-08
224,6.535625712221813e-08
225,6.534655956600482e-08
226,6.534821152775218e-08
227,6.536505145111055e-08
228,6.534299489913917e-08
229,6.532881904178674e-08
230,6.532976493530768e-08
231,6.533543961500407e-08
232,6.534841168942041e-08
233,6.534686615713033e-08
234,6.534247412087809e-08
235,6.533382229081928e-08
236,6.534615326808248e-08
237,6.534070548247998e-08
238,6.53509615343039e-08
239,6.533907460295992e-08
240,6.533317618746046e-08
241,6.534346180139937e-08
242,6.535253385891081e-08
243,6.535195255722367e-08
244,6.534424963600353e-08
245,6.534689618193319e-08
246,6.535007273716736e-08
247,6.535492807467946e-08
248,6.536128336080947e-08
249,6.535404379670692e-08
250,6.53556456549259e-08
251,6.535018524481261e-08
252,6.534205463567313e-08
253,6.535472636388693e-08
254,6.535614383730617e-08
255,6.53499748676066e-08
256,6.535560447253435e-08
257,6.536089270538019e-08
258,6.533890071983938e-08
259,6.533512920787527e-08
260,6.534129228493033e-08
261,6.534367544562655e-08
262,6.533913178556265e-08
263,6.533411839356514e-08
264,6.534629912132132e-08
265,6.53403943049576e-08
266,6.534186735806077e-08
267,6.53420412600255e-08
268,6.535172018803131e-08
269,6.533929437691019e-08
270,6.534268345368631e-08
271,6.535000177001535e-08
272,6.534037572567012e-08
273,6.535033824202732e-08
274,6.535600039374584e-08
275,6.535528103195038e-08
276,6.53648256739551e-08
277,6.536142693748186e-08
278,6.535279262783473e-08
279,6.535581504075378e-08
280,6.535862864363827e-08
281,6.534670718092264e-08
282,6.534406187989734e-08
283,6.535785632055889e-08
284,6.536693633357237e-08
285,6.533070364589992e-08
286,6.533688554584197e-08
287,6.534786873165684e-08
288,6.536239085835305e-08
289,6.536276355826368e-08
290,6.534256970992735e-08
291,6.532980885066072e-08
292,6.538935137121193e-08
293,6.535656652899838e-08
294,6.534645085288945e-08
295,6.534755489505111e-08
296,6.535379026182971e-08
297,6.537272067387146e-08
298,6.535510097317387e-08
299,6.53607804266587e-08
300,6.538406651016158e-08
301,6.536093858286822e-08
302,6.535872227435158e-08
303,6.535954903600523e-08
304,6.535639956541433e-08
305,6.53430149720701e-08
306,6.534969774333969e-08
307,6.534427404093978e-08
308,6.534622312113811e-08
309,6.534543808734626e-08
310,6.533394104336808e-08
311,6.533352065304434e-08
312,6.533259338846109e-08
313,6.533370866846183e-08
314,6.534219430194226e-08
315,6.534557960512088e-08
316,6.533514046973161e-08
317,6.534043821717982e-08
318,6.536625805839219e-08
319,6.534051086072723e-08
320,6.53354860191985e-08
321,6.535494498895112e-08
322,6.533227833296982e-08
323,6.532729863388638e-08
324,6.533055333718082e-08
325,6.532941065116786e-08
326,6.532583365285554e-08
327,6.534041164824182e-08
328,6.533018709799349e-08
329,6.533169651244474e-08
330,6.533502333152699e-08
331,6.533569192723398e-08
332,6.536070664223894e-08
333,6.533505436580279e-08
334,6.533924092893928e-08
335,6.534212733216589e-08
336,6.53366203039045e-08
337,6.533137680569534e-08
338,6.533663860957592e-08
339,6.534598067833871e-08
340,6.534478182168625e-08
341,6.534237868689119e-08
342,6.53451491168829e-08
343,6.533214541521039e-08
344,6.533665947017612e-08
345,6.534194485481048e-08
346,6.534819876484573e-08
347,6.533412003616426e-08
348,6.533281074685746e-08
349,6.532497071803484e-08
350,6.534231303210794e-08
351,6.534616142104267e-08
352,6.534236069922562e-08
353,6.53416345583881e-08
354,6.534684624116823e-08
355,6.538772020079965e-08
356,6.536157623094675e-08
357,6.534403243642743e-08
358,6.534262223114683e-08
359,6.533532922550708e-08
360,6.533580385211473e-08
361,6.534058641585765e-08
362,6.53493025831379e-08
363,6.533020185998717e-08
364,6.532924502918869e-08
365,6.533104639281858e-08
366,6.533122925824564e-08
367,6.534243867344518e-08
368,6.537205405168526e-08
369,6.534046757019468e-08
370,6.534321665971626e-08
371,6.534171688673324e-08
372,6.536329613306137e-08
373,6.534584838171799e-08
374,6.533759107627682e-08
375,6.534425891241679e-08
376,6.538708323744962e-08
377,6.534930922575966e-08
378,6.535822316073105e-08
379,6.535855062456957e-08
380,6.532829960012403e-08
381,6.534430275870885e-08
382,6.534085554246047e-08
383,6.534503257625391e-08
384,6.533859511250882e-08
385,6.533429762422477e-08
386,6.53358073029979e-08
387,6.533235732587375e-08
388,6.532421153535732e-08
389,6.533106479780278e-08
390,6.533917995668388e-08
391,6.534437425490793e-08
392,6.533849057053351e-08
393,6.53369071141446e-08
394,6.534306846013964e-08
395,6.53340818919087e-08
396,6.533803280303182e-08
397,6.53365918416333e-08
398,6.533393971213834e-08
399,6.534110092921166e-08
400,6.534608405390466e-08
401,6.533932571416769e-08
402,6.534133226903989e-08
403,6.53429644974979e-08
404,6.534358744393302e-08
405,6.534358942883622e-08
406,6.535361187546793e-08
407,6.53404534742785e-08
408,6.53391484055881e-08
409,6.534972080374787e-08
410,6.534114847912774e-08
411,6.534442362828051e-08
412,6.53381125376803e-08
413,6.53460701647421e-08
414,6.534361695415416e-08
415,6.536533898048191e-08
416,6.534789738801775e-08
417,6.535144718664204e-08
418,6.537564017425159e-08
419,6.534353919616354e-08
420,6.533734046918983e-08
421,6.534590381775345e-08
422,6.536525138649082e-08
423,6.534197858843169e-08
424,6.533031777878704e-08
425,6.53548560849762e-08
426,6.534030510774241e-08
427,6.532335268265297e-08
428,6.532105740541355e-08
429,6.533622263326295e-08
430,6.534695749195656e-08
431,6.533274531847636e-08
432,6.53305315090875e-08
433,6.533097991610248e-08
434,6.535088718521894e-08
435,6.533349913684252e-08
436,6.532456404010003e-08
437,6.534215700460786e-08
438,6.5333124607915e-08
439,6.53256945260738e-08
440,6.534699049060518e-08
441,6.533241335690271e-08
442,6.534361950550569e-08
443,6.535418529974566e-08
444,6.535753658625703e-08
445,6.534909277682709e-08
446,6.534797594844612e-08
447,6.535182494152355e-08
448,6.534581734275848e-08
449,6.534258610286847e-08
450,6.53415048690574e-08
451,6.533687259887715e-08
452,6.5338586034661e-08
453,6.533368404664081e-08
454,6.533108566793217e-08
455,6.534240845636236e-08
456,6.533214223723256e-08
457,6.53273891511544e-08
458,6.534802937193173e-08
459,6.53311614765605e-08
460,6.53317225366277e-08
461,6.533165727750891e-08
462,6.533509910309352e-08
463,6.534061427098964e-08
464,6.533902266265006e-08
465,6.535400084580362e-08
466,6.535725358124544e-08
467,6.53482618848946e-08
468,6.533687197885187e-08
469,6.5344139214221e-08
470,6.534388654012021e-08
471,6.534690758338026e-08
472,6.53400583791769e-08
473,6.535023623373449e-08
474,6.534733162170897e-08
475,6.536277239453285e-08
476,6.534274475507368e-08
477,6.53524254808793e-08
478,6.534033220391977e-08
479,6.53528007473494e-08
480,6.535940356302168e-08
481,6.534376775646405e-08
482,6.534224819081056e-08
483,6.535272856530122e-08
484,6.535541195920396e-08
485,6.535156012810891e-08
486,6.534986007887337e-08
487,6.535068315076315e-08
488,6.534940997392862e-08
489,6.53484628115408e-08
490,6.534951237425166e-08
491,6.53403873947859e-08
492,6.534253337367852e-08
493,6.53377293424955e-08
494,6.533129551627414e-08
495,6.534911230634064e-08
496,6.534293718671511e-08
497,6.534742689355395e-08
498,6.535575071378073e-08
499,6.534647930119017e-08
500,6.535247521077218e-08
501,6.533913519972812e-08
502,6.532734232251757e-08
503,6.53414062921359e-08
504,6.53290939896891e-08
505,6.533113878173977e-08
506,6.534138138845005e-08
507,6.534694925088756e-08
508,6.533292686866636e-08
509,6.532952234075724e-08
510,6.533081278477956e-08
511,6.534047898469059e-08
512,6.533185308747137e-08
513,6.532907950533207e-08
514,6.534684081588218e-08
515,6.534150671461549e-08
516,6.534193891867735e-08
517,6.534325171042827e-08
518,6.534908464913451e-08
519,6.533606434625974e-08
520,6.532997870345695e-08
521,6.534034890248067e-08
522,6.535731337990668e-08
523,6.535057809716135e-08
524,6.534338592278253e-08
525,6.534115901116106e-08
526,6.535539115488513e-08
527,6.535346831064181e-08
528,6.534726091185445e-08
529,6.53455580178016e-08
530,6.534581380224914e-08
531,6.537306276134377e-08
532,6.535176988126276e-08
533,6.534819587418937e-08
534,6.534608849160048e-08
535,6.533908590904566e-08
536,6.534045156614293e-08
537,6.53349120074049e-08
538,6.533571379244416e-08
539,6.534019093773929e-08
540,6.533783840763591e-08
541,6.533016513673271e-08
542,6.534006251560383e-08
543,6.532928730033205e-08
544,6.533047244484647e-08
545,6.533682405646803e-08
546,6.536860398989046e-08
547,6.53497801719333e-08
548,6.532771308795453e-08
549,6.536760120964681e-08
550,6.534051462409689e-08
551,6.532924081249318e-08
552,6.53417451118631e-08
553,6.533086225017696e-08
554,6.533388240433667e-08
555,6.533062359138668e-08
556,6.533786969896207e-08
557,6.533955277227847e-08
558,6.5338752925927e-08
559,6.536322625757761e-08
560,6.534479309731117e-08
561,6.534544673483724e-08
562,6.534898205016e-08
563,6.535366418288434e-08
564,6.53551155444192e-08
565,6.534867020352937e-08
566,6.536328649489981e-08
567,6.535358465109558e-08
568,6.537098290562374e-08
569,6.53643685124509e-08
570,6.534671877732381e-08
571,6.53518132060532e-08
572,6.534359777181003e-08
573,6.534756232463862e-08
574,6.534536166993983e-08
575,6.535684860065111e-08
576,6.535687774686108e-08
577,6.534693828769209e-08
578,6.534375715790285e-08
579,6.536423381497358e-08
580,6.535413978051657e-08
581,6.533279615669942e-08
582,6.534810883026624e-08
583,6.534871782109766e-08
584,6.534962461102634e-08
585,6.534292909073431e-08
586,6.534507674676843e-08
587,6.536735971169504e-08
588,6.534290777912281e-08
589,6.533423884066864e-08
590,6.533895134002125e-08
591,6.533330629866832e-08
592,6.534654116327485e-08
593,6.534719643391189e-08
594,6.534186806124026e-08
595,6.535402326417962e-08
596,6.536146634283351e-08
597,6.5359294556674e-08
598,6.535754256277011e-08
599,6.536542687554413e-08
600,6.53534755021632e-08
601,6.534434865663114e-08
602,6.53446808734723e-08
603,6.535132824626308e-08
604,6.534426925760533e-08
605,6.533777319325336e-08
606,6.535190377165535e-08
607,6.533563312971481e-08
608,6.533596351166879e-08
609,6.534795649980379e-08
610,6.534639051729663e-08
611,6.535056936803736e-08
612,6.535368906204602e-08
613,6.535193275097048e-08
614,6.53614059633625e-08
615,6.534109138305645e-08
616,6.534284356209275e-08
617,6.534656864921252e-08
618,6.534169512254131e-08
619,6.533486946980918e-08
620,6.534342383614744e-08
621,6.53385179974508e-08
622,6.533120911255429e-08
623,6.534305474719216e-08
624,6.53458544223251e-08
625,6.533532692584501e-08
626,6.533866187947473e-08
627,6.534109019054964e-08
628,6.534403962733419e-08
629,6.535841424274213e-08
630,6.535234666899737e-08
631,6.53386753935561e-08
632,6.535245042122371e-08
633,6.535177471759757e-08
634,6.535653830522263e-08
635,6.534159377003983e-08
636,6.535187598533667e-08
637,6.534465095535706e-08
638,6.534679035206943e-08
639,6.534475829197732e-08
640,6.533922738577241e-08
641,6.534712528125765e-08
642,6.533916941205768e-08
643,6.534300525870959e-08
644,6.533280434092057e-08
645,6.532372669464215e-08
646,6.532371241015913e-08
647,6.532994642857697e-08
648,6.533644073855428e-08
649,6.53383966103511e-08
650,6.534193402863858e-08
651,6.533314351814542e-08
652,6.534200013195633e-08
653,6.534389424393346e-08
654,6.534484285840082e-08
655,6.533820257045748e-08
656,6.533991867712159e-08
657,6.533524934765667e-08
658,6.533017933680119e-08
659,6.533228136583272e-08
660,6.534417163058046e-08
661,6.533343692053026e-08
662,6.533327373702926e-08
663,6.533985191856373e-08
664,6.533415795776049e-08
665,6.533637684998136e-08
666,6.53444494035548e-08
667,6.534094648038475e-08
668,6.534957810683063e-08
669,6.533950209543798e-08
670,6.533914176653764e-08
671,6.53467059233588e-08
672,6.534962334086444e-08
673,6.534784117985464e-08
674,6.534129412391736e-08
675,6.53448160517422e-08
676,6.533256275160343e-08
677,6.53340052771498e-08
678,6.536173856707936e-08
679,6.533443668091762e-08
680,6.533556094227111e-08
681,6.533143976776924e-08
682,6.53344797950414e-08
683,6.533123854614349e-08
684,6.53410057691692e-08
685,6.535157420198016e-08
686,6.535051808446016e-08
687,6.534586974807618e-08
688,6.535391136888524e-08
689,6.534298069681423e-08
690,6.534391650157812e-08
691,6.53500497911805e-08
692,6.533986116604781e-08
693,6.533644436559233e-08
694,6.533719108394232e-08
695,6.533599790014388e-08
696,6.533876687197763e-08
697,6.533596777981343e-08
698,6.534181175352958e-08
699,6.535276103746254e-08
700,6.53635630979736e-08
701,6.534100763428632e-08
702,6.533668393092568e-08
703,6.53611109537117e-08
704,6.533651604842886e-08
705,6.533238875237807e-08
706,6.533385460149453e-08
707,6.533467048407496e-08
708,6.534397289423114e-08
709,6.532858560864084e-08
710,6.532948454983346e-08
711,6.533756127694631e-08
712,6.533530283314092e-08
713,6.533328642986901e-08
714,6.532877611788709e-08
715,6.53422654411268e-08
716,6.533789349297952e-08
717,6.53359463191275e-08
718,6.534191363607753e-08
719,6.533810978300469e-08
720,6.532629361511768e-08
721,6.533758315270708e-08
722,6.535046508770986e-08
723,6.535367077459961e-08
724,6.533995012531574e-08
725,6.533810969913268e-08
726,6.533829586795339e-08
727,6.534364406031984e-08
728,6.537928715168829e-08
729,6.535332297182405e-08
730,6.536660528656172e-08
731,6.534506685175491e-08
732,6.534961798863264e-08
733,6.535268508016958e-08
734,6.533559942675865e-08
735,6.533701494809177e-08
736,6.534486064235109e-08
737,6.535430126485e-08
738,6.534956365443189e-08
739,6.533685966009745e-08
740,6.53599415011669e-08
741,6.534741169585316e-08
742,6.535333214882507e-08
743,6.535196840380181e-08
744,6.535164728941314e-08
745,6.535240013332349e-08
746,6.535882150214789e-08
747,6.53483837676348e-08
748,6.534549899412386e-08
749,6.534466898497578e-08
750,6.534386289669696e-08
751,6.534882781095402e-08
752,6.53342496469967e-08
753,6.533087598378762e-08
754,6.533488953914318e-08
755,6.535200956416588e-08
756,6.534821120436606e-08
757,6.535684625855946e-08
758,6.536073971598757e-08
759,6.534255412918531e-08
760,6.534449084419587e-08
761,6.534178084192623e-08
762,6.535391610153492e-08
763,6.533852354291914e-08
764,6.533012268280342e-08
765,6.533328446379243e-08
766,6.536064718995521e-08
767,6.533927631841346e-08
768,6.533823402993866e-08
769,6.534459296209966e-08
770,6.53461205532599e-08
771,6.534325196651978e-08
772,6.534229397622836e-08
773,6.534698315069056e-08
774,6.535509498854428e-08
775,6.53482804610707e-08
776,6.534851813808826e-08
777,6.53490032068159e-08
778,6.534899946468864e-08
779,6.534682191950144e-08
780,6.535195843122501e-08
781,6.535869365636291e-08
782,6.536092824465266e-08
783,6.535765198836994e-08
784,6.536665275394532e-08
785,6.535664414178875e-08
786,6.537544278649234e-08
787,6.53512698771644e-08
788,6.5348483934734e-08
789,6.535146636719e-08
790,6.535719842319844e-08
791,6.541144972423911e-08
792,6.536569373180882e-08
793,6.535411500429858e-08
794,6.537663622065152e-08
795,6.536807351815151e-08
796,6.534547820672741e-08
797,6.533835749333398e-08
798,6.534017671225857e-08
799,6.533168689083046e-08
800,6.53309965023248e-08
801,6.533276099878035e-08
802,6.534371952489067e-08
803,6.53386141523298e-08
804,6.535191506300816e-08
805,6.534277082240516e-08
806,6.533687612534978e-08
807,6.534517930544496e-08
808,6.533895941541287e-08
809,6.534094889222868e-08
810,6.534904866431673e-08
811,6.535438821436574e-08
812,6.533661574710165e-08
813,6.53445762834353e-08
814,6.534323092470427e-08
815,6.534279827349865e-08
816,6.536384411698816e-08
817,6.534077408752181e-08
818,6.534138308479947e-08
819,6.53650144874489e-08
820,6.53526981142815e-08
821,6.53461855708519e-08
822,6.53570871836485e-08
823,6.53434394630401e-08
824,6.53530891584055e-08
825,6.535096295870373e-08
826,6.535572875416035e-08
827,6.536285566557552e-08
828,6.535634431018861e-08
829,6.53529893694368e-08
830,6.534392490772207e-08
831,6.535048966929194e-08
832,6.53447755823676e-08
833,6.534811853350153e-08
834,6.534559045391044e-08
835,6.534533099240331e-08
836,6.534509459115007e-08
837,6.534271551245622e-08
838,6.533472231989013e-08
839,6.534225815649209e-08
840,6.534153761333787e-08
841,6.534509762547956e-08
842,6.534065382448543e-08
843,6.536320879899198e-08
844,6.534388109320451e-08
845,6.53527654689686e-08
846,6.533895583324662e-08
847,6.534885080344407e-08
848,6.536082504171312e-08
849,6.536659176447109e-08
850,6.534476248247454e-08
851,6.536768962988408e-08
852,6.53460142862897e-08
853,6.535026998791048e-08
854,6.535500284439228e-08
855,6.535715090777876e-08
856,6.535283619450166e-08
857,6.536086151414256e-08
858,6.535885841559682e-08
859,6.535537053179715e-08
860,6.533587733815456e-08
861,6.535636396335382e-08
862,6.534542318366362e-08
863,6.534206317385769e-08
864,6.534674726439536e-08
865,6.533945041005326e-08
866,6.532914405129041e-08
867,6.53354842264947e-08
868,6.533872756026024e-08
869,6.534544174488527e-08
870,6.534835232266331e-08
871,6.533351785593393e-08
872,6.53318823930203e-08
873,6.53409366046789e-08
874,6.534057620839614e-08
875,6.533940727524146e-08
876,6.533762546951689e-08
877,6.534241298148491e-08
878,6.535157132555647e-08
879,6.535187910685004e-08
880,6.535177915461814e-08
881,6.535162376332183e-08
882,6.535685574682097e-08
883,6.534901647731755e-08
884,6.535343045537186e-08
885,6.535851575371654e-08
886,6.535497740729896e-08
887,6.534930235510081e-08
888,6.534777908517053e-08
889,6.53370915585697e-08
890,6.53421803386288e-08
891,6.533797657117186e-08
892,6.534844154338023e-08
893,6.534011773381876e-08
894,6.535312831942779e-08
895,6.535375922718892e-08
896,6.534704985632364e-08
897,6.534789046699467e-08
898,6.535033038718876e-08
899,6.536219686985925e-08
900,6.535014438495722e-08
901,6.534922581817301e-08
902,6.534744731786367e-08
903,6.534726965316339e-08
904,6.53634963996001e-08
905,6.535486081481132e-08
906,6.535312021638202e-08
907,6.534708837688474e-08
908,6.534131812113363e-08
909,6.535387716365514e-08
910,6.536968042367996e-08
911,6.535939254776557e-08
912,6.536407114606297e-08
913,6.535334390148944e-08
914,6.535954406060041e-08
915,6.536294077473377e-08
916,6.536366166752724e-08
917,6.535605771239314e-08
918,6.535453204095681e-08
919,6.535465989467598e-08
920,6.535198138656998e-08
921,6.534523786949313e-08
922,6.534360490892582e-08
923,6.534200528867003e-08
924,6.534797010763529e-08
925,6.534592040865933e-08
926,6.535116246874781e-08
927,6.536225404307603e-08
928,6.536052328057977e-08
929,6.53546614018563e-08
930,6.535070618789149e-08
931,6.535374997048112e-08
932,6.534915134300398e-08
933,6.535543506522094e-08
934,6.534573404906269e-08
935,6.534210998815805e-08
936,6.53455502375598e-08
937,6.535414203195392e-08
938,6.53459522293346e-08
939,6.533660579515078e-08
940,6.53353688816848e-08
941,6.534451948530372e-08
942,6.533906149645752e-08
943,6.534241160087334e-08
944,6.533677948832776e-08
945,6.533817540240072e-08
946,6.533580862301366e-08
947,6.533452347925692e-08
948,6.534494662411918e-08
949,6.535792359779551e-08
950,6.53451900132105e-08
951,6.534504114792655e-08
952,6.535154867854257e-08
953,6.533476852573588e-08
954,6.535071357757908e-08
955,6.534030844313883e-08
956,6.534601808033671e-08
957,6.533832451004026e-08
958,6.534501818855376e-08
959,6.534661294720832e-08
960,6.534637672083136e-08
961,6.536317594649559e-08
962,6.533996270824178e-08
963,6.534181354663613e-08
964,6.534486663053482e-08
965,6.533087202091834e-08
966,6.534626832060693e-08
967,6.534248635530828e-08
968,6.536167462962648e-08
969,6.534789308991695e-08
970,6.534049782303406e-08
971,6.533284127341306e-08
972,6.533035898281853e-08
973,6.534423807020524e-08
974,6.53439803079372e-08
975,6.534714251573715e-08
976,6.534800965068616e-08
977,6.535677114204043e-08
978,6.535173327451008e-08
979,6.535747003202684e-08
980,6.534373426018293e-08
981,6.534388064944746e-08
982,6.533245007079942e-08
983,6.53273601004469e-08
984,6.533510434058404e-08
985,6.535001701587867e-08
986,6.533776494715577e-08
987,6.533492753064875e-08
988,6.532452540021791e-08
989,6.532772113587473e-08
990,6.533267749087747e-08
991,6.533688319992062e-08
992,6.532982057797304e-08
993,6.533007109578404e-08
994,6.532278452980944e-08
995,6.534701437298219e-08
996,6.53435913714567e-08
997,6.534167743809368e-08
998,6.535484420186735e-08
999,6.535770530986002e-08
1000,6.534572213713259e-08
1001,6.534025989911207e-08
1002,6.532981590885163e-08
1003,6.532678374993832e-08
1004,6.533388067708619e-08
1005,6.533449446812026e-08
1006,6.533807720589404e-08
1007,6.532466767127392e-08
1008,6.532380940219289e-08
1009,6.531900296286518e-08
1010,6.533454574947343e-08
1011,6.532632797406024e-08
1012,6.532353118870596e-08
1013,6.532856754573546e-08
1014,6.533719617956816e-08
1015,6.532723052302421e-08
1016,6.533353555495614e-08
1017,6.53383181779257e-08
1018,6.533639499772889e-08
1019,6.534566291536114e-08
1020,6.534291574722215e-08
1021,6.533188044072049e-08
1022,6.53311113695474e-08
1023,6.533415924622187e-08
1024,6.533018364899632e-08
1025,6.533547997753104e-08
